time,总长,ID,实际长度,和校验
2025-02-25 08:20:24.489000+00:00,"0x09,0xc4","0xd0,0x97,0x78,0x01,0x00,0x00,0x0e,0x3f,0x0e,0x0c,","0x09,0xc4,",0xe1
2025-02-25 08:20:24.489000+00:00,"0x09,0xc4","0xd0,0x97,0x78,0x01,0x00,0x00,0x0e,0x3f,0x0e,0x0c,","0x09,0xc4,",0xe1
2025-02-25 08:20:27.437000+00:00,"0x09,0xc4","0xd0,0x97,0x78,0x01,0x00,0x00,0x0e,0x3f,0x0e,0x0c,","0x09,0xc4,",0xe1
2025-02-25 08:20:27.437000+00:00,"0x09,0xc4","0xd0,0x97,0x78,0x01,0x00,0x00,0x0e,0x3f,0x0e,0x0c,","0x09,0xc4,",0xe1
2025-02-25 08:20:27.437000+00:00,"0x09,0xc4","0xd0,0x97,0x78,0x01,0x00,0x00,0x0e,0x3f,0x0e,0x0c,","0x09,0xc4,",0xe1
2025-02-25 08:20:27.437000+00:00,"0x09,0xc4","0xd0,0x97,0x78,0x01,0x00,0x00,0x0e,0x3f,0x0e,0x0c,","0x09,0xc4,",0xe1
2025-02-25 08:35:14.727000+00:00,"0x30,0x31","0x32,0x33,0x34,0x35,0x36,0x37,0x38,0x39,0x31,0x32,","0x33,0x34,",0x35
2025-02-25 08:35:14.727000+00:00,"0x30,0x31","0x32,0x33,0x34,0x35,0x36,0x37,0x38,0x39,0x31,0x32,","0x33,0x34,",0x35
2025-02-25 08:35:16.711000+00:00,"0x30,0x31","0x32,0x33,0x34,0x35,0x36,0x37,0x38,0x39,0x31,0x32,","0x33,0x34,",0x35
2025-02-25 08:35:16.711000+00:00,"0x30,0x31","0x32,0x33,0x34,0x35,0x36,0x37,0x38,0x39,0x31,0x32,","0x33,0x34,",0x35
2025-02-25 08:35:18.759000+00:00,"0x30,0x31","0x32,0x33,0x34,0x35,0x36,0x37,0x38,0x39,0x31,0x32,","0x33,0x34,",0x35
2025-02-25 08:35:18.759000+00:00,"0x30,0x31","0x32,0x33,0x34,0x35,0x36,0x37,0x38,0x39,0x31,0x32,","0x33,0x34,",0x35
2025-02-25 08:35:59.266000+00:00,"0x09,0xc4","0xd0,0x97,0x78,0x01,0x00,0x00,0x0e,0x3f,0x0e,0x0c,","0x09,0xc4,",0xe1
2025-02-25 08:35:59.266000+00:00,"0x09,0xc4","0xd0,0x97,0x78,0x01,0x00,0x00,0x0e,0x3f,0x0e,0x0c,","0x09,0xc4,",0xe1
2025-02-25 08:36:01.266000+00:00,"0x09,0xc4","0xd0,0x97,0x78,0x01,0x00,0x00,0x0e,0x3f,0x0e,0x0c,","0x09,0xc4,",0xe1
2025-02-25 08:36:01.266000+00:00,"0x09,0xc4","0xd0,0x97,0x78,0x01,0x00,0x00,0x0e,0x3f,0x0e,0x0c,","0x09,0xc4,",0xe1
2025-02-25 08:36:03.313000+00:00,"0x09,0xc4","0xd0,0x97,0x78,0x01,0x00,0x00,0x0e,0x3f,0x0e,0x0c,","0x09,0xc4,",0xe1
2025-02-25 08:36:03.313000+00:00,"0x09,0xc4","0xd0,0x97,0x78,0x01,0x00,0x00,0x0e,0x3f,0x0e,0x0c,","0x09,0xc4,",0xe1
2025-02-25 08:38:18.735000+00:00,"0x30,0x31","0x32,0x33,0x34,0x35,0x36,0x37,0x38,0x39,0x31,0x32,","0x33,0x34,",0x35
2025-02-25 08:38:18.735000+00:00,"0x30,0x31","0x32,0x33,0x34,0x35,0x36,0x37,0x38,0x39,0x31,0x32,","0x33,0x34,",0x35
2025-02-25 08:38:20.718000+00:00,"0x30,0x31","0x32,0x33,0x34,0x35,0x36,0x37,0x38,0x39,0x31,0x32,","0x33,0x34,",0x35
2025-02-25 08:38:20.718000+00:00,"0x30,0x31","0x32,0x33,0x34,0x35,0x36,0x37,0x38,0x39,0x31,0x32,","0x33,0x34,",0x35
2025-02-25 08:38:22.718000+00:00,"0x30,0x31","0x32,0x33,0x34,0x35,0x36,0x37,0x38,0x39,0x31,0x32,","0x33,0x34,",0x35
2025-02-25 08:38:22.718000+00:00,"0x30,0x31","0x32,0x33,0x34,0x35,0x36,0x37,0x38,0x39,0x31,0x32,","0x33,0x34,",0x35
2025-02-25 08:44:29.296000+00:00,"0x30,0x31","0x32,0x33,0x34,0x35,0x36,0x37,0x38,0x39,0x31,0x32,","0x33,0x34,",0x35
2025-02-25 08:44:29.296000+00:00,"0x30,0x31","0x32,0x33,0x34,0x35,0x36,0x37,0x38,0x39,0x31,0x32,","0x33,0x34,",0x35
2025-02-25 08:44:30.671000+00:00,"0x30,0x31","0x32,0x33,0x34,0x35,0x36,0x37,0x38,0x39,0x31,0x32,","0x33,0x34,",0x35
2025-02-25 08:44:30.671000+00:00,"0x30,0x31","0x32,0x33,0x34,0x35,0x36,0x37,0x38,0x39,0x31,0x32,","0x33,0x34,",0x35
2025-02-25 08:44:32.713000+00:00,"0x30,0x31","0x32,0x33,0x34,0x35,0x36,0x37,0x38,0x39,0x31,0x32,","0x33,0x34,",0x35
2025-02-25 08:44:32.713000+00:00,"0x30,0x31","0x32,0x33,0x34,0x35,0x36,0x37,0x38,0x39,0x31,0x32,","0x33,0x34,",0x35
2025-02-26 00:29:56.101000+00:00,"0x09,0xc4","0xd0,0x97,0x78,0x01,0x00,0x00,0x0e,0x3f,0x0e,0x0c,","0x09,0xc4,",0xe1
2025-02-26 00:29:56.101000+00:00,"0x09,0xc4","0xd0,0x97,0x78,0x01,0x00,0x00,0x0e,0x3f,0x0e,0x0c,","0x09,0xc4,",0xe1
2025-02-26 00:29:58.114000+00:00,"0x09,0xc4","0xd0,0x97,0x78,0x01,0x00,0x00,0x0e,0x3f,0x0e,0x0c,","0x09,0xc4,",0xe1
2025-02-26 00:29:58.114000+00:00,"0x09,0xc4","0xd0,0x97,0x78,0x01,0x00,0x00,0x0e,0x3f,0x0e,0x0c,","0x09,0xc4,",0xe1
2025-02-26 00:30:00.162000+00:00,"0x09,0xc4","0xd0,0x97,0x78,0x01,0x00,0x00,0x0e,0x3f,0x0e,0x0c,","0x09,0xc4,",0xe1
2025-02-26 00:30:00.162000+00:00,"0x09,0xc4","0xd0,0x97,0x78,0x01,0x00,0x00,0x0e,0x3f,0x0e,0x0c,","0x09,0xc4,",0xe1
2025-02-26 01:30:30.500000+00:00,"0x09,0xc4","0xd0,0x97,0x78,0x01,0x00,0x00,0x0e,0x3f,0x0e,0x0c,","0x09,0xc4,",0xe1
2025-02-26 01:30:30.500000+00:00,"0x09,0xc4","0xd0,0x97,0x78,0x01,0x00,0x00,0x0e,0x3f,0x0e,0x0c,","0x09,0xc4,",0xe1
2025-02-26 01:30:32.419000+00:00,"0x09,0xc4","0xd0,0x97,0x78,0x01,0x00,0x00,0x0e,0x3f,0x0e,0x0c,","0x09,0xc4,",0xe1
2025-02-26 01:30:32.419000+00:00,"0x09,0xc4","0xd0,0x97,0x78,0x01,0x00,0x00,0x0e,0x3f,0x0e,0x0c,","0x09,0xc4,",0xe1
2025-02-26 01:30:34.391000+00:00,"0x09,0xc4","0xd0,0x97,0x78,0x01,0x00,0x00,0x0e,0x3f,0x0e,0x0c,","0x09,0xc4,",0xe1
2025-02-26 01:30:34.391000+00:00,"0x09,0xc4","0xd0,0x97,0x78,0x01,0x00,0x00,0x0e,0x3f,0x0e,0x0c,","0x09,0xc4,",0xe1
2025-02-26 02:31:04.800000+00:00,"0x09,0xc4","0xd0,0x97,0x78,0x01,0x00,0x00,0x0e,0x3f,0x0e,0x0c,","0x09,0xc4,",0xe1
2025-02-26 02:31:04.800000+00:00,"0x09,0xc4","0xd0,0x97,0x78,0x01,0x00,0x00,0x0e,0x3f,0x0e,0x0c,","0x09,0xc4,",0xe1
2025-02-26 02:31:06.711000+00:00,"0x09,0xc4","0xd0,0x97,0x78,0x01,0x00,0x00,0x0e,0x3f,0x0e,0x0c,","0x09,0xc4,",0xe1
2025-02-26 02:31:06.711000+00:00,"0x09,0xc4","0xd0,0x97,0x78,0x01,0x00,0x00,0x0e,0x3f,0x0e,0x0c,","0x09,0xc4,",0xe1
2025-02-26 02:31:08.670000+00:00,"0x09,0xc4","0xd0,0x97,0x78,0x01,0x00,0x00,0x0e,0x3f,0x0e,0x0c,","0x09,0xc4,",0xe1
2025-02-26 02:31:08.670000+00:00,"0x09,0xc4","0xd0,0x97,0x78,0x01,0x00,0x00,0x0e,0x3f,0x0e,0x0c,","0x09,0xc4,",0xe1
2025-02-26 03:31:39.092000+00:00,"0x09,0xc4","0xd0,0x97,0x78,0x01,0x00,0x00,0x0e,0x3f,0x0e,0x0c,","0x09,0xc4,",0xe1
2025-02-26 03:31:39.092000+00:00,"0x09,0xc4","0xd0,0x97,0x78,0x01,0x00,0x00,0x0e,0x3f,0x0e,0x0c,","0x09,0xc4,",0xe1
2025-02-26 03:31:40.968000+00:00,"0x09,0xc4","0xd0,0x97,0x78,0x01,0x00,0x00,0x0e,0x3f,0x0e,0x0c,","0x09,0xc4,",0xe1
2025-02-26 03:31:40.968000+00:00,"0x09,0xc4","0xd0,0x97,0x78,0x01,0x00,0x00,0x0e,0x3f,0x0e,0x0c,","0x09,0xc4,",0xe1
2025-02-26 03:31:43.008000+00:00,"0x09,0xc4","0xd0,0x97,0x78,0x01,0x00,0x00,0x0e,0x3f,0x0e,0x0c,","0x09,0xc4,",0xe1
2025-02-26 03:31:43.008000+00:00,"0x09,0xc4","0xd0,0x97,0x78,0x01,0x00,0x00,0x0e,0x3f,0x0e,0x0c,","0x09,0xc4,",0xe1
2025-02-26 04:32:13.372000+00:00,"0x09,0xc4","0xd0,0x97,0x78,0x01,0x00,0x00,0x0e,0x3f,0x0e,0x0c,","0x09,0xc4,",0xe1
2025-02-26 04:32:13.372000+00:00,"0x09,0xc4","0xd0,0x97,0x78,0x01,0x00,0x00,0x0e,0x3f,0x0e,0x0c,","0x09,0xc4,",0xe1
2025-02-26 04:32:15.275000+00:00,"0x09,0xc4","0xd0,0x97,0x78,0x01,0x00,0x00,0x0e,0x3f,0x0e,0x0c,","0x09,0xc4,",0xe1
2025-02-26 04:32:15.275000+00:00,"0x09,0xc4","0xd0,0x97,0x78,0x01,0x00,0x00,0x0e,0x3f,0x0e,0x0c,","0x09,0xc4,",0xe1
2025-02-26 04:32:17.276000+00:00,"0x09,0xc4","0xd0,0x97,0x78,0x01,0x00,0x00,0x0e,0x3f,0x0e,0x0c,","0x09,0xc4,",0xe1
2025-02-26 04:32:17.276000+00:00,"0x09,0xc4","0xd0,0x97,0x78,0x01,0x00,0x00,0x0e,0x3f,0x0e,0x0c,","0x09,0xc4,",0xe1
2025-02-26 05:32:48.008000+00:00,"0x09,0xc4","0xd0,0x97,0x78,0x01,0x00,0x00,0x0e,0x3f,0x0e,0x0c,","0x09,0xc4,",0xe1
2025-02-26 05:32:48.008000+00:00,"0x09,0xc4","0xd0,0x97,0x78,0x01,0x00,0x00,0x0e,0x3f,0x0e,0x0c,","0x09,0xc4,",0xe1
2025-02-26 05:32:49.620000+00:00,"0x09,0xc4","0xd0,0x97,0x78,0x01,0x00,0x00,0x0e,0x3f,0x0e,0x0c,","0x09,0xc4,",0xe1
2025-02-26 05:32:49.620000+00:00,"0x09,0xc4","0xd0,0x97,0x78,0x01,0x00,0x00,0x0e,0x3f,0x0e,0x0c,","0x09,0xc4,",0xe1
2025-02-26 05:32:51.609000+00:00,"0x09,0xc4","0xd0,0x97,0x78,0x01,0x00,0x00,0x0e,0x3f,0x0e,0x0c,","0x09,0xc4,",0xe1
2025-02-26 05:32:51.609000+00:00,"0x09,0xc4","0xd0,0x97,0x78,0x01,0x00,0x00,0x0e,0x3f,0x0e,0x0c,","0x09,0xc4,",0xe1
2025-02-26 06:42:01.595000+00:00,"0x09,0xc4","0xd0,0x97,0x78,0x01,0x00,0x00,0x0e,0x3f,0x0e,0x0c,","0x09,0xc4,",0xe1
2025-02-26 06:42:01.595000+00:00,"0x09,0xc4","0xd0,0x97,0x78,0x01,0x00,0x00,0x0e,0x3f,0x0e,0x0c,","0x09,0xc4,",0xe1
2025-02-26 06:42:03.580000+00:00,"0x09,0xc4","0xd0,0x97,0x78,0x01,0x00,0x00,0x0e,0x3f,0x0e,0x0c,","0x09,0xc4,",0xe1
2025-02-26 06:42:03.580000+00:00,"0x09,0xc4","0xd0,0x97,0x78,0x01,0x00,0x00,0x0e,0x3f,0x0e,0x0c,","0x09,0xc4,",0xe1
2025-02-26 06:42:05.589000+00:00,"0x09,0xc4","0xd0,0x97,0x78,0x01,0x00,0x00,0x0e,0x3f,0x0e,0x0c,","0x09,0xc4,",0xe1
2025-02-26 06:42:05.589000+00:00,"0x09,0xc4","0xd0,0x97,0x78,0x01,0x00,0x00,0x0e,0x3f,0x0e,0x0c,","0x09,0xc4,",0xe1
2025-02-26 07:42:16.035000+00:00,"0x09,0xc4","0xd0,0x97,0x78,0x01,0x00,0x00,0x0e,0x3f,0x0e,0x0c,","0x09,0xc4,",0xe1
2025-02-26 07:42:16.035000+00:00,"0x09,0xc4","0xd0,0x97,0x78,0x01,0x00,0x00,0x0e,0x3f,0x0e,0x0c,","0x09,0xc4,",0xe1
2025-02-26 07:42:17.826000+00:00,"0x09,0xc4","0xd0,0x97,0x78,0x01,0x00,0x00,0x0e,0x3f,0x0e,0x0c,","0x09,0xc4,",0xe1
2025-02-26 07:42:17.826000+00:00,"0x09,0xc4","0xd0,0x97,0x78,0x01,0x00,0x00,0x0e,0x3f,0x0e,0x0c,","0x09,0xc4,",0xe1
2025-02-26 07:42:19.826000+00:00,"0x09,0xc4","0xd0,0x97,0x78,0x01,0x00,0x00,0x0e,0x3f,0x0e,0x0c,","0x09,0xc4,",0xe1
2025-02-26 07:42:19.826000+00:00,"0x09,0xc4","0xd0,0x97,0x78,0x01,0x00,0x00,0x0e,0x3f,0x0e,0x0c,","0x09,0xc4,",0xe1
2025-02-26 08:42:30.209000+00:00,"0x09,0xc4","0xd0,0x97,0x78,0x01,0x00,0x00,0x0e,0x3f,0x0e,0x0c,","0x09,0xc4,",0xe1
2025-02-26 08:42:30.209000+00:00,"0x09,0xc4","0xd0,0x97,0x78,0x01,0x00,0x00,0x0e,0x3f,0x0e,0x0c,","0x09,0xc4,",0xe1
2025-02-26 08:42:32.136000+00:00,"0x09,0xc4","0xd0,0x97,0x78,0x01,0x00,0x00,0x0e,0x3f,0x0e,0x0c,","0x09,0xc4,",0xe1
2025-02-26 08:42:32.136000+00:00,"0x09,0xc4","0xd0,0x97,0x78,0x01,0x00,0x00,0x0e,0x3f,0x0e,0x0c,","0x09,0xc4,",0xe1
2025-02-26 08:42:34.135000+00:00,"0x09,0xc4","0xd0,0x97,0x78,0x01,0x00,0x00,0x0e,0x3f,0x0e,0x0c,","0x09,0xc4,",0xe1
2025-02-26 08:42:34.135000+00:00,"0x09,0xc4","0xd0,0x97,0x78,0x01,0x00,0x00,0x0e,0x3f,0x0e,0x0c,","0x09,0xc4,",0xe1
2025-02-26 09:42:44.526000+00:00,"0x09,0xc4","0xd0,0x97,0x78,0x01,0x00,0x00,0x0e,0x3f,0x0e,0x0c,","0x09,0xc4,",0xe1
2025-02-26 09:42:44.526000+00:00,"0x09,0xc4","0xd0,0x97,0x78,0x01,0x00,0x00,0x0e,0x3f,0x0e,0x0c,","0x09,0xc4,",0xe1
2025-02-26 09:42:46.425000+00:00,"0x09,0xc4","0xd0,0x97,0x78,0x01,0x00,0x00,0x0e,0x3f,0x0e,0x0c,","0x09,0xc4,",0xe1
2025-02-26 09:42:46.425000+00:00,"0x09,0xc4","0xd0,0x97,0x78,0x01,0x00,0x00,0x0e,0x3f,0x0e,0x0c,","0x09,0xc4,",0xe1
2025-02-26 09:42:48.442000+00:00,"0x09,0xc4","0xd0,0x97,0x78,0x01,0x00,0x00,0x0e,0x3f,0x0e,0x0c,","0x09,0xc4,",0xe1
2025-02-26 09:42:48.442000+00:00,"0x09,0xc4","0xd0,0x97,0x78,0x01,0x00,0x00,0x0e,0x3f,0x0e,0x0c,","0x09,0xc4,",0xe1
2025-02-26 10:42:58.747000+00:00,"0x09,0xc4","0xd0,0x97,0x78,0x01,0x00,0x00,0x0e,0x3f,0x0e,0x0c,","0x09,0xc4,",0xe1
2025-02-26 10:42:58.747000+00:00,"0x09,0xc4","0xd0,0x97,0x78,0x01,0x00,0x00,0x0e,0x3f,0x0e,0x0c,","0x09,0xc4,",0xe1
2025-02-26 10:43:00.699000+00:00,"0x09,0xc4","0xd0,0x97,0x78,0x01,0x00,0x00,0x0e,0x3f,0x0e,0x0c,","0x09,0xc4,",0xe1
2025-02-26 10:43:00.699000+00:00,"0x09,0xc4","0xd0,0x97,0x78,0x01,0x00,0x00,0x0e,0x3f,0x0e,0x0c,","0x09,0xc4,",0xe1
2025-02-26 10:43:02.699000+00:00,"0x09,0xc4","0xd0,0x97,0x78,0x01,0x00,0x00,0x0e,0x3f,0x0e,0x0c,","0x09,0xc4,",0xe1
2025-02-26 10:43:02.699000+00:00,"0x09,0xc4","0xd0,0x97,0x78,0x01,0x00,0x00,0x0e,0x3f,0x0e,0x0c,","0x09,0xc4,",0xe1
2025-02-26 11:43:13.483000+00:00,"0x09,0xc4","0xd0,0x97,0x78,0x01,0x00,0x00,0x0e,0x3f,0x0e,0x0c,","0x09,0xc4,",0xe1
2025-02-26 11:43:13.483000+00:00,"0x09,0xc4","0xd0,0x97,0x78,0x01,0x00,0x00,0x0e,0x3f,0x0e,0x0c,","0x09,0xc4,",0xe1
2025-02-26 11:43:15.002000+00:00,"0x09,0xc4","0xd0,0x97,0x78,0x01,0x00,0x00,0x0e,0x3f,0x0e,0x0c,","0x09,0xc4,",0xe1
2025-02-26 11:43:15.002000+00:00,"0x09,0xc4","0xd0,0x97,0x78,0x01,0x00,0x00,0x0e,0x3f,0x0e,0x0c,","0x09,0xc4,",0xe1
2025-02-26 11:43:17.001000+00:00,"0x09,0xc4","0xd0,0x97,0x78,0x01,0x00,0x00,0x0e,0x3f,0x0e,0x0c,","0x09,0xc4,",0xe1
2025-02-26 11:43:17.001000+00:00,"0x09,0xc4","0xd0,0x97,0x78,0x01,0x00,0x00,0x0e,0x3f,0x0e,0x0c,","0x09,0xc4,",0xe1
2025-02-26 12:43:27.355000+00:00,"0x09,0xc4","0xd0,0x97,0x78,0x01,0x00,0x00,0x0e,0x3f,0x0e,0x0c,","0x09,0xc4,",0xe1
2025-02-26 12:43:27.355000+00:00,"0x09,0xc4","0xd0,0x97,0x78,0x01,0x00,0x00,0x0e,0x3f,0x0e,0x0c,","0x09,0xc4,",0xe1
2025-02-26 12:43:29.294000+00:00,"0x09,0xc4","0xd0,0x97,0x78,0x01,0x00,0x00,0x0e,0x3f,0x0e,0x0c,","0x09,0xc4,",0xe1
2025-02-26 12:43:29.294000+00:00,"0x09,0xc4","0xd0,0x97,0x78,0x01,0x00,0x00,0x0e,0x3f,0x0e,0x0c,","0x09,0xc4,",0xe1
2025-02-26 12:43:31.286000+00:00,"0x09,0xc4","0xd0,0x97,0x78,0x01,0x00,0x00,0x0e,0x3f,0x0e,0x0c,","0x09,0xc4,",0xe1
2025-02-26 12:43:31.286000+00:00,"0x09,0xc4","0xd0,0x97,0x78,0x01,0x00,0x00,0x0e,0x3f,0x0e,0x0c,","0x09,0xc4,",0xe1
2025-02-26 15:39:25.894000+00:00,"0x09,0xc4","0xd0,0x97,0x78,0x01,0x00,0x00,0x0e,0x3f,0x0e,0x0c,","0x09,0xc4,",0xe1
2025-02-26 15:39:25.894000+00:00,"0x09,0xc4","0xd0,0x97,0x78,0x01,0x00,0x00,0x0e,0x3f,0x0e,0x0c,","0x09,0xc4,",0xe1
2025-02-26 15:39:27.912000+00:00,"0x09,0xc4","0xd0,0x97,0x78,0x01,0x00,0x00,0x0e,0x3f,0x0e,0x0c,","0x09,0xc4,",0xe1
2025-02-26 15:39:27.912000+00:00,"0x09,0xc4","0xd0,0x97,0x78,0x01,0x00,0x00,0x0e,0x3f,0x0e,0x0c,","0x09,0xc4,",0xe1
2025-02-26 15:39:29.873000+00:00,"0x09,0xc4","0xd0,0x97,0x78,0x01,0x00,0x00,0x0e,0x3f,0x0e,0x0c,","0x09,0xc4,",0xe1
2025-02-26 15:39:29.873000+00:00,"0x09,0xc4","0xd0,0x97,0x78,0x01,0x00,0x00,0x0e,0x3f,0x0e,0x0c,","0x09,0xc4,",0xe1
2025-02-26 16:39:40.205000+00:00,"0x09,0xc4","0xd0,0x97,0x78,0x01,0x00,0x00,0x0e,0x3f,0x0e,0x0c,","0x09,0xc4,",0xe1
2025-02-26 16:39:40.205000+00:00,"0x09,0xc4","0xd0,0x97,0x78,0x01,0x00,0x00,0x0e,0x3f,0x0e,0x0c,","0x09,0xc4,",0xe1
2025-02-26 16:39:42.156000+00:00,"0x09,0xc4","0xd0,0x97,0x78,0x01,0x00,0x00,0x0e,0x3f,0x0e,0x0c,","0x09,0xc4,",0xe1
2025-02-26 16:39:42.156000+00:00,"0x09,0xc4","0xd0,0x97,0x78,0x01,0x00,0x00,0x0e,0x3f,0x0e,0x0c,","0x09,0xc4,",0xe1
2025-02-26 16:39:44.156000+00:00,"0x09,0xc4","0xd0,0x97,0x78,0x01,0x00,0x00,0x0e,0x3f,0x0e,0x0c,","0x09,0xc4,",0xe1
2025-02-26 16:39:44.156000+00:00,"0x09,0xc4","0xd0,0x97,0x78,0x01,0x00,0x00,0x0e,0x3f,0x0e,0x0c,","0x09,0xc4,",0xe1
2025-02-26 17:39:54.527000+00:00,"0x09,0xc4","0xd0,0x97,0x78,0x01,0x00,0x00,0x0e,0x3f,0x0e,0x0c,","0x09,0xc4,",0xe1
2025-02-26 17:39:54.527000+00:00,"0x09,0xc4","0xd0,0x97,0x78,0x01,0x00,0x00,0x0e,0x3f,0x0e,0x0c,","0x09,0xc4,",0xe1
2025-02-26 17:39:56.456000+00:00,"0x09,0xc4","0xd0,0x97,0x78,0x01,0x00,0x00,0x0e,0x3f,0x0e,0x0c,","0x09,0xc4,",0xe1
2025-02-26 17:39:56.456000+00:00,"0x09,0xc4","0xd0,0x97,0x78,0x01,0x00,0x00,0x0e,0x3f,0x0e,0x0c,","0x09,0xc4,",0xe1
2025-02-26 17:39:58.467000+00:00,"0x09,0xc4","0xd0,0x97,0x78,0x01,0x00,0x00,0x0e,0x3f,0x0e,0x0c,","0x09,0xc4,",0xe1
2025-02-26 17:39:58.467000+00:00,"0x09,0xc4","0xd0,0x97,0x78,0x01,0x00,0x00,0x0e,0x3f,0x0e,0x0c,","0x09,0xc4,",0xe1
2025-02-26 18:40:08.830000+00:00,"0x09,0xc4","0xd0,0x97,0x78,0x01,0x00,0x00,0x0e,0x3f,0x0e,0x0c,","0x09,0xc4,",0xe1
2025-02-26 18:40:08.830000+00:00,"0x09,0xc4","0xd0,0x97,0x78,0x01,0x00,0x00,0x0e,0x3f,0x0e,0x0c,","0x09,0xc4,",0xe1
2025-02-26 18:40:10.741000+00:00,"0x09,0xc4","0xd0,0x97,0x78,0x01,0x00,0x00,0x0e,0x3f,0x0e,0x0c,","0x09,0xc4,",0xe1
2025-02-26 18:40:10.741000+00:00,"0x09,0xc4","0xd0,0x97,0x78,0x01,0x00,0x00,0x0e,0x3f,0x0e,0x0c,","0x09,0xc4,",0xe1
2025-02-26 18:40:12.777000+00:00,"0x09,0xc4","0xd0,0x97,0x78,0x01,0x00,0x00,0x0e,0x3f,0x0e,0x0c,","0x09,0xc4,",0xe1
2025-02-26 18:40:12.777000+00:00,"0x09,0xc4","0xd0,0x97,0x78,0x01,0x00,0x00,0x0e,0x3f,0x0e,0x0c,","0x09,0xc4,",0xe1
2025-02-26 19:40:23.085000+00:00,"0x09,0xc4","0xd0,0x97,0x78,0x01,0x00,0x00,0x0e,0x3f,0x0e,0x0c,","0x09,0xc4,",0xe1
2025-02-26 19:40:23.085000+00:00,"0x09,0xc4","0xd0,0x97,0x78,0x01,0x00,0x00,0x0e,0x3f,0x0e,0x0c,","0x09,0xc4,",0xe1
2025-02-26 19:40:25.036000+00:00,"0x09,0xc4","0xd0,0x97,0x78,0x01,0x00,0x00,0x0e,0x3f,0x0e,0x0c,","0x09,0xc4,",0xe1
2025-02-26 19:40:25.036000+00:00,"0x09,0xc4","0xd0,0x97,0x78,0x01,0x00,0x00,0x0e,0x3f,0x0e,0x0c,","0x09,0xc4,",0xe1
2025-02-26 19:40:27.036000+00:00,"0x09,0xc4","0xd0,0x97,0x78,0x01,0x00,0x00,0x0e,0x3f,0x0e,0x0c,","0x09,0xc4,",0xe1
2025-02-26 19:40:27.036000+00:00,"0x09,0xc4","0xd0,0x97,0x78,0x01,0x00,0x00,0x0e,0x3f,0x0e,0x0c,","0x09,0xc4,",0xe1
2025-02-26 20:40:37.427000+00:00,"0x09,0xc4","0xd0,0x97,0x78,0x01,0x00,0x00,0x0e,0x3f,0x0e,0x0c,","0x09,0xc4,",0xe1
2025-02-26 20:40:37.427000+00:00,"0x09,0xc4","0xd0,0x97,0x78,0x01,0x00,0x00,0x0e,0x3f,0x0e,0x0c,","0x09,0xc4,",0xe1
2025-02-26 20:40:39.310000+00:00,"0x09,0xc4","0xd0,0x97,0x78,0x01,0x00,0x00,0x0e,0x3f,0x0e,0x0c,","0x09,0xc4,",0xe1
2025-02-26 20:40:39.310000+00:00,"0x09,0xc4","0xd0,0x97,0x78,0x01,0x00,0x00,0x0e,0x3f,0x0e,0x0c,","0x09,0xc4,",0xe1
2025-02-26 20:40:41.310000+00:00,"0x09,0xc4","0xd0,0x97,0x78,0x01,0x00,0x00,0x0e,0x3f,0x0e,0x0c,","0x09,0xc4,",0xe1
2025-02-26 20:40:41.310000+00:00,"0x09,0xc4","0xd0,0x97,0x78,0x01,0x00,0x00,0x0e,0x3f,0x0e,0x0c,","0x09,0xc4,",0xe1
2025-02-27 10:05:41.228000+00:00,"0x30,0x31","0x32,0x33,0x34,0x35,0x36,0x37,0x38,0x39,0x31,0x32,","0x33,0x34,",0x35
2025-02-27 10:05:41.228000+00:00,"0x30,0x31","0x32,0x33,0x34,0x35,0x36,0x37,0x38,0x39,0x31,0x32,","0x33,0x34,",0x35
2025-02-27 10:05:43.228000+00:00,"0x30,0x31","0x32,0x33,0x34,0x35,0x36,0x37,0x38,0x39,0x31,0x32,","0x33,0x34,",0x35
2025-02-27 10:05:43.228000+00:00,"0x30,0x31","0x32,0x33,0x34,0x35,0x36,0x37,0x38,0x39,0x31,0x32,","0x33,0x34,",0x35
2025-02-27 10:05:45.268000+00:00,"0x30,0x31","0x32,0x33,0x34,0x35,0x36,0x37,0x38,0x39,0x31,0x32,","0x33,0x34,",0x35
2025-02-27 10:05:45.268000+00:00,"0x30,0x31","0x32,0x33,0x34,0x35,0x36,0x37,0x38,0x39,0x31,0x32,","0x33,0x34,",0x35
2025-02-27 11:25:33.573000+00:00,"0x30,0x31","0x32,0x33,0x34,0x35,0x36,0x37,0x38,0x39,0x31,0x32,","0x33,0x34,",0x35
2025-02-27 11:25:33.573000+00:00,"0x30,0x31","0x32,0x33,0x34,0x35,0x36,0x37,0x38,0x39,0x31,0x32,","0x33,0x34,",0x35
2025-02-27 11:25:35.601000+00:00,"0x30,0x31","0x32,0x33,0x34,0x35,0x36,0x37,0x38,0x39,0x31,0x32,","0x33,0x34,",0x35
2025-02-27 11:25:35.601000+00:00,"0x30,0x31","0x32,0x33,0x34,0x35,0x36,0x37,0x38,0x39,0x31,0x32,","0x33,0x34,",0x35
2025-02-27 11:25:37.621000+00:00,"0x30,0x31","0x32,0x33,0x34,0x35,0x36,0x37,0x38,0x39,0x31,0x32,","0x33,0x34,",0x35
2025-02-27 11:25:37.621000+00:00,"0x30,0x31","0x32,0x33,0x34,0x35,0x36,0x37,0x38,0x39,0x31,0x32,","0x33,0x34,",0x35
2025-02-28 19:21:50.914000+00:00,"0x30,0x31","0x32,0x33,0x34,0x35,0x36,0x37,0x38,0x39,0x31,0x32,","0x33,0x34,",0x35
2025-02-28 19:21:50.914000+00:00,"0x30,0x31","0x32,0x33,0x34,0x35,0x36,0x37,0x38,0x39,0x31,0x32,","0x33,0x34,",0x35
2025-02-28 19:21:52.921000+00:00,"0x30,0x31","0x32,0x33,0x34,0x35,0x36,0x37,0x38,0x39,0x31,0x32,","0x33,0x34,",0x35
2025-02-28 19:21:52.921000+00:00,"0x30,0x31","0x32,0x33,0x34,0x35,0x36,0x37,0x38,0x39,0x31,0x32,","0x33,0x34,",0x35
2025-02-28 19:21:54.939000+00:00,"0x30,0x31","0x32,0x33,0x34,0x35,0x36,0x37,0x38,0x39,0x31,0x32,","0x33,0x34,",0x35
2025-02-28 19:21:54.939000+00:00,"0x30,0x31","0x32,0x33,0x34,0x35,0x36,0x37,0x38,0x39,0x31,0x32,","0x33,0x34,",0x35
2025-02-28 20:22:08.318000+00:00,"0x30,0x31","0x32,0x33,0x34,0x35,0x36,0x37,0x38,0x39,0x31,0x32,","0x33,0x34,",0x35
2025-02-28 20:22:08.318000+00:00,"0x30,0x31","0x32,0x33,0x34,0x35,0x36,0x37,0x38,0x39,0x31,0x32,","0x33,0x34,",0x35
2025-02-28 20:22:10.209000+00:00,"0x30,0x31","0x32,0x33,0x34,0x35,0x36,0x37,0x38,0x39,0x31,0x32,","0x33,0x34,",0x35
2025-02-28 20:22:10.209000+00:00,"0x30,0x31","0x32,0x33,0x34,0x35,0x36,0x37,0x38,0x39,0x31,0x32,","0x33,0x34,",0x35
2025-02-28 20:22:12.219000+00:00,"0x30,0x31","0x32,0x33,0x34,0x35,0x36,0x37,0x38,0x39,0x31,0x32,","0x33,0x34,",0x35
2025-02-28 20:22:12.219000+00:00,"0x30,0x31","0x32,0x33,0x34,0x35,0x36,0x37,0x38,0x39,0x31,0x32,","0x33,0x34,",0x35
2025-02-28 21:22:25.596000+00:00,"0x30,0x31","0x32,0x33,0x34,0x35,0x36,0x37,0x38,0x39,0x31,0x32,","0x33,0x34,",0x35
2025-02-28 21:22:25.596000+00:00,"0x30,0x31","0x32,0x33,0x34,0x35,0x36,0x37,0x38,0x39,0x31,0x32,","0x33,0x34,",0x35
2025-02-28 21:22:27.541000+00:00,"0x30,0x31","0x32,0x33,0x34,0x35,0x36,0x37,0x38,0x39,0x31,0x32,","0x33,0x34,",0x35
2025-02-28 21:22:27.541000+00:00,"0x30,0x31","0x32,0x33,0x34,0x35,0x36,0x37,0x38,0x39,0x31,0x32,","0x33,0x34,",0x35
2025-02-28 21:22:29.541000+00:00,"0x30,0x31","0x32,0x33,0x34,0x35,0x36,0x37,0x38,0x39,0x31,0x32,","0x33,0x34,",0x35
2025-02-28 21:22:29.541000+00:00,"0x30,0x31","0x32,0x33,0x34,0x35,0x36,0x37,0x38,0x39,0x31,0x32,","0x33,0x34,",0x35
2025-02-28 22:22:42.869000+00:00,"0x30,0x31","0x32,0x33,0x34,0x35,0x36,0x37,0x38,0x39,0x31,0x32,","0x33,0x34,",0x35
2025-02-28 22:22:42.869000+00:00,"0x30,0x31","0x32,0x33,0x34,0x35,0x36,0x37,0x38,0x39,0x31,0x32,","0x33,0x34,",0x35
2025-02-28 22:22:44.788000+00:00,"0x30,0x31","0x32,0x33,0x34,0x35,0x36,0x37,0x38,0x39,0x31,0x32,","0x33,0x34,",0x35
2025-02-28 22:22:44.788000+00:00,"0x30,0x31","0x32,0x33,0x34,0x35,0x36,0x37,0x38,0x39,0x31,0x32,","0x33,0x34,",0x35
2025-02-28 22:22:46.790000+00:00,"0x30,0x31","0x32,0x33,0x34,0x35,0x36,0x37,0x38,0x39,0x31,0x32,","0x33,0x34,",0x35
2025-02-28 22:22:46.790000+00:00,"0x30,0x31","0x32,0x33,0x34,0x35,0x36,0x37,0x38,0x39,0x31,0x32,","0x33,0x34,",0x35
2025-02-28 23:23:00.158000+00:00,"0x30,0x31","0x32,0x33,0x34,0x35,0x36,0x37,0x38,0x39,0x31,0x32,","0x33,0x34,",0x35
2025-02-28 23:23:00.158000+00:00,"0x30,0x31","0x32,0x33,0x34,0x35,0x36,0x37,0x38,0x39,0x31,0x32,","0x33,0x34,",0x35
2025-02-28 23:23:02.078000+00:00,"0x30,0x31","0x32,0x33,0x34,0x35,0x36,0x37,0x38,0x39,0x31,0x32,","0x33,0x34,",0x35
2025-02-28 23:23:02.078000+00:00,"0x30,0x31","0x32,0x33,0x34,0x35,0x36,0x37,0x38,0x39,0x31,0x32,","0x33,0x34,",0x35
2025-02-28 23:23:04.089000+00:00,"0x30,0x31","0x32,0x33,0x34,0x35,0x36,0x37,0x38,0x39,0x31,0x32,","0x33,0x34,",0x35
2025-02-28 23:23:04.089000+00:00,"0x30,0x31","0x32,0x33,0x34,0x35,0x36,0x37,0x38,0x39,0x31,0x32,","0x33,0x34,",0x35
2025-03-01 00:04:48.339000+00:00,"0x30,0x31","0x32,0x33,0x34,0x35,0x36,0x37,0x38,0x39,0x31,0x32,","0x33,0x34,",0x35
2025-03-01 00:04:48.339000+00:00,"0x30,0x31","0x32,0x33,0x34,0x35,0x36,0x37,0x38,0x39,0x31,0x32,","0x33,0x34,",0x35
2025-03-01 00:04:50.349000+00:00,"0x30,0x31","0x32,0x33,0x34,0x35,0x36,0x37,0x38,0x39,0x31,0x32,","0x33,0x34,",0x35
2025-03-01 00:04:50.349000+00:00,"0x30,0x31","0x32,0x33,0x34,0x35,0x36,0x37,0x38,0x39,0x31,0x32,","0x33,0x34,",0x35
2025-03-01 00:04:52.350000+00:00,"0x30,0x31","0x32,0x33,0x34,0x35,0x36,0x37,0x38,0x39,0x31,0x32,","0x33,0x34,",0x35
2025-03-01 00:04:52.350000+00:00,"0x30,0x31","0x32,0x33,0x34,0x35,0x36,0x37,0x38,0x39,0x31,0x32,","0x33,0x34,",0x35
2025-03-01 01:05:05.697000+00:00,"0x30,0x31","0x32,0x33,0x34,0x35,0x36,0x37,0x38,0x39,0x31,0x32,","0x33,0x34,",0x35
2025-03-01 01:05:05.697000+00:00,"0x30,0x31","0x32,0x33,0x34,0x35,0x36,0x37,0x38,0x39,0x31,0x32,","0x33,0x34,",0x35
2025-03-01 01:05:07.635000+00:00,"0x30,0x31","0x32,0x33,0x34,0x35,0x36,0x37,0x38,0x39,0x31,0x32,","0x33,0x34,",0x35
2025-03-01 01:05:07.635000+00:00,"0x30,0x31","0x32,0x33,0x34,0x35,0x36,0x37,0x38,0x39,0x31,0x32,","0x33,0x34,",0x35
2025-03-01 01:05:09.631000+00:00,"0x30,0x31","0x32,0x33,0x34,0x35,0x36,0x37,0x38,0x39,0x31,0x32,","0x33,0x34,",0x35
2025-03-01 01:05:09.631000+00:00,"0x30,0x31","0x32,0x33,0x34,0x35,0x36,0x37,0x38,0x39,0x31,0x32,","0x33,0x34,",0x35
2025-03-01 02:05:22.952000+00:00,"0x30,0x31","0x32,0x33,0x34,0x35,0x36,0x37,0x38,0x39,0x31,0x32,","0x33,0x34,",0x35
2025-03-01 02:05:22.952000+00:00,"0x30,0x31","0x32,0x33,0x34,0x35,0x36,0x37,0x38,0x39,0x31,0x32,","0x33,0x34,",0x35
2025-03-01 02:05:24.899000+00:00,"0x30,0x31","0x32,0x33,0x34,0x35,0x36,0x37,0x38,0x39,0x31,0x32,","0x33,0x34,",0x35
2025-03-01 02:05:24.899000+00:00,"0x30,0x31","0x32,0x33,0x34,0x35,0x36,0x37,0x38,0x39,0x31,0x32,","0x33,0x34,",0x35
2025-03-01 02:05:26.911000+00:00,"0x30,0x31","0x32,0x33,0x34,0x35,0x36,0x37,0x38,0x39,0x31,0x32,","0x33,0x34,",0x35
2025-03-01 02:05:26.911000+00:00,"0x30,0x31","0x32,0x33,0x34,0x35,0x36,0x37,0x38,0x39,0x31,0x32,","0x33,0x34,",0x35
2025-03-01 08:38:44.431000+00:00,"0x30,0x31","0x32,0x33,0x34,0x35,0x36,0x37,0x38,0x39,0x31,0x32,","0x33,0x34,",0x35
2025-03-01 08:38:44.431000+00:00,"0x30,0x31","0x32,0x33,0x34,0x35,0x36,0x37,0x38,0x39,0x31,0x32,","0x33,0x34,",0x35
2025-03-01 08:38:46.443000+00:00,"0x30,0x31","0x32,0x33,0x34,0x35,0x36,0x37,0x38,0x39,0x31,0x32,","0x33,0x34,",0x35
2025-03-01 08:38:46.443000+00:00,"0x30,0x31","0x32,0x33,0x34,0x35,0x36,0x37,0x38,0x39,0x31,0x32,","0x33,0x34,",0x35
2025-03-01 08:38:48.443000+00:00,"0x30,0x31","0x32,0x33,0x34,0x35,0x36,0x37,0x38,0x39,0x31,0x32,","0x33,0x34,",0x35
2025-03-01 08:38:48.443000+00:00,"0x30,0x31","0x32,0x33,0x34,0x35,0x36,0x37,0x38,0x39,0x31,0x32,","0x33,0x34,",0x35
2025-03-01 09:39:01.784000+00:00,"0x30,0x31","0x32,0x33,0x34,0x35,0x36,0x37,0x38,0x39,0x31,0x32,","0x33,0x34,",0x35
2025-03-01 09:39:01.784000+00:00,"0x30,0x31","0x32,0x33,0x34,0x35,0x36,0x37,0x38,0x39,0x31,0x32,","0x33,0x34,",0x35
2025-03-01 09:39:03.708000+00:00,"0x30,0x31","0x32,0x33,0x34,0x35,0x36,0x37,0x38,0x39,0x31,0x32,","0x33,0x34,",0x35
2025-03-01 09:39:03.708000+00:00,"0x30,0x31","0x32,0x33,0x34,0x35,0x36,0x37,0x38,0x39,0x31,0x32,","0x33,0x34,",0x35
2025-03-01 09:39:05.725000+00:00,"0x30,0x31","0x32,0x33,0x34,0x35,0x36,0x37,0x38,0x39,0x31,0x32,","0x33,0x34,",0x35
2025-03-01 09:39:05.725000+00:00,"0x30,0x31","0x32,0x33,0x34,0x35,0x36,0x37,0x38,0x39,0x31,0x32,","0x33,0x34,",0x35
2025-03-01 10:39:19.071000+00:00,"0x30,0x31","0x32,0x33,0x34,0x35,0x36,0x37,0x38,0x39,0x31,0x32,","0x33,0x34,",0x35
2025-03-01 10:39:19.071000+00:00,"0x30,0x31","0x32,0x33,0x34,0x35,0x36,0x37,0x38,0x39,0x31,0x32,","0x33,0x34,",0x35
2025-03-01 10:39:20.977000+00:00,"0x30,0x31","0x32,0x33,0x34,0x35,0x36,0x37,0x38,0x39,0x31,0x32,","0x33,0x34,",0x35
2025-03-01 10:39:20.977000+00:00,"0x30,0x31","0x32,0x33,0x34,0x35,0x36,0x37,0x38,0x39,0x31,0x32,","0x33,0x34,",0x35
2025-03-01 10:39:22.988000+00:00,"0x30,0x31","0x32,0x33,0x34,0x35,0x36,0x37,0x38,0x39,0x31,0x32,","0x33,0x34,",0x35
2025-03-01 10:39:22.988000+00:00,"0x30,0x31","0x32,0x33,0x34,0x35,0x36,0x37,0x38,0x39,0x31,0x32,","0x33,0x34,",0x35
2025-03-01 11:39:36.344000+00:00,"0x30,0x31","0x32,0x33,0x34,0x35,0x36,0x37,0x38,0x39,0x31,0x32,","0x33,0x34,",0x35
2025-03-01 11:39:36.344000+00:00,"0x30,0x31","0x32,0x33,0x34,0x35,0x36,0x37,0x38,0x39,0x31,0x32,","0x33,0x34,",0x35
2025-03-01 11:39:38.265000+00:00,"0x30,0x31","0x32,0x33,0x34,0x35,0x36,0x37,0x38,0x39,0x31,0x32,","0x33,0x34,",0x35
2025-03-01 11:39:38.265000+00:00,"0x30,0x31","0x32,0x33,0x34,0x35,0x36,0x37,0x38,0x39,0x31,0x32,","0x33,0x34,",0x35
2025-03-01 11:39:40.265000+00:00,"0x30,0x31","0x32,0x33,0x34,0x35,0x36,0x37,0x38,0x39,0x31,0x32,","0x33,0x34,",0x35
2025-03-01 11:39:40.265000+00:00,"0x30,0x31","0x32,0x33,0x34,0x35,0x36,0x37,0x38,0x39,0x31,0x32,","0x33,0x34,",0x35
2025-03-01 12:39:53.611000+00:00,"0x30,0x31","0x32,0x33,0x34,0x35,0x36,0x37,0x38,0x39,0x31,0x32,","0x33,0x34,",0x35
2025-03-01 12:39:53.611000+00:00,"0x30,0x31","0x32,0x33,0x34,0x35,0x36,0x37,0x38,0x39,0x31,0x32,","0x33,0x34,",0x35
2025-03-01 12:39:55.533000+00:00,"0x30,0x31","0x32,0x33,0x34,0x35,0x36,0x37,0x38,0x39,0x31,0x32,","0x33,0x34,",0x35
2025-03-01 12:39:55.533000+00:00,"0x30,0x31","0x32,0x33,0x34,0x35,0x36,0x37,0x38,0x39,0x31,0x32,","0x33,0x34,",0x35
2025-03-01 12:39:57.557000+00:00,"0x30,0x31","0x32,0x33,0x34,0x35,0x36,0x37,0x38,0x39,0x31,0x32,","0x33,0x34,",0x35
2025-03-01 12:39:57.557000+00:00,"0x30,0x31","0x32,0x33,0x34,0x35,0x36,0x37,0x38,0x39,0x31,0x32,","0x33,0x34,",0x35
2025-03-01 12:57:09.056000+00:00,"0x09,0xc4","0xd0,0x97,0x78,0x01,0x00,0x00,0x0f,0x61,0x33,0x0c,","0x09,0xc4,",0x29
2025-03-01 12:57:09.056000+00:00,"0x09,0xc4","0xd0,0x97,0x78,0x01,0x00,0x00,0x0f,0x61,0x33,0x0c,","0x09,0xc4,",0x29
2025-03-01 12:57:11.066000+00:00,"0x09,0xc4","0xd0,0x97,0x78,0x01,0x00,0x00,0x0f,0x61,0x33,0x0c,","0x09,0xc4,",0x29
2025-03-01 12:57:11.066000+00:00,"0x09,0xc4","0xd0,0x97,0x78,0x01,0x00,0x00,0x0f,0x61,0x33,0x0c,","0x09,0xc4,",0x29
2025-03-01 12:57:13.075000+00:00,"0x09,0xc4","0xd0,0x97,0x78,0x01,0x00,0x00,0x0f,0x61,0x33,0x0c,","0x09,0xc4,",0x29
2025-03-01 12:57:13.075000+00:00,"0x09,0xc4","0xd0,0x97,0x78,0x01,0x00,0x00,0x0f,0x61,0x33,0x0c,","0x09,0xc4,",0x29
2025-03-01 13:04:15.481000+00:00,"0x09,0xc4","0xd0,0x97,0x78,0x01,0x00,0x00,0x0f,0x61,0x33,0x0c,","0x09,0xc4,",0x29
2025-03-01 13:04:15.481000+00:00,"0x09,0xc4","0xd0,0x97,0x78,0x01,0x00,0x00,0x0f,0x61,0x33,0x0c,","0x09,0xc4,",0x29
2025-03-01 13:04:17.491000+00:00,"0x09,0xc4","0xd0,0x97,0x78,0x01,0x00,0x00,0x0f,0x61,0x33,0x0c,","0x09,0xc4,",0x29
2025-03-01 13:04:17.491000+00:00,"0x09,0xc4","0xd0,0x97,0x78,0x01,0x00,0x00,0x0f,0x61,0x33,0x0c,","0x09,0xc4,",0x29
2025-03-01 13:04:19.491000+00:00,"0x09,0xc4","0xd0,0x97,0x78,0x01,0x00,0x00,0x0f,0x61,0x33,0x0c,","0x09,0xc4,",0x29
2025-03-01 13:04:19.491000+00:00,"0x09,0xc4","0xd0,0x97,0x78,0x01,0x00,0x00,0x0f,0x61,0x33,0x0c,","0x09,0xc4,",0x29
2025-03-01 14:04:42.821000+00:00,"0x09,0xc4","0xd0,0x97,0x78,0x01,0x00,0x00,0x0f,0x61,0x33,0x0c,","0x09,0xc4,",0x29
2025-03-01 14:04:42.821000+00:00,"0x09,0xc4","0xd0,0x97,0x78,0x01,0x00,0x00,0x0f,0x61,0x33,0x0c,","0x09,0xc4,",0x29
2025-03-01 14:04:44.752000+00:00,"0x09,0xc4","0xd0,0x97,0x78,0x01,0x00,0x00,0x0f,0x61,0x33,0x0c,","0x09,0xc4,",0x29
2025-03-01 14:04:44.752000+00:00,"0x09,0xc4","0xd0,0x97,0x78,0x01,0x00,0x00,0x0f,0x61,0x33,0x0c,","0x09,0xc4,",0x29
2025-03-01 14:04:46.772000+00:00,"0x09,0xc4","0xd0,0x97,0x78,0x01,0x00,0x00,0x0f,0x61,0x33,0x0c,","0x09,0xc4,",0x29
2025-03-01 14:04:46.772000+00:00,"0x09,0xc4","0xd0,0x97,0x78,0x01,0x00,0x00,0x0f,0x61,0x33,0x0c,","0x09,0xc4,",0x29
2025-03-01 15:05:10.105000+00:00,"0x09,0xc4","0xd0,0x97,0x78,0x01,0x00,0x00,0x0f,0x61,0x33,0x0c,","0x09,0xc4,",0x29
2025-03-01 15:05:10.105000+00:00,"0x09,0xc4","0xd0,0x97,0x78,0x01,0x00,0x00,0x0f,0x61,0x33,0x0c,","0x09,0xc4,",0x29
2025-03-01 15:05:12.005000+00:00,"0x09,0xc4","0xd0,0x97,0x78,0x01,0x00,0x00,0x0f,0x61,0x33,0x0c,","0x09,0xc4,",0x29
2025-03-01 15:05:12.005000+00:00,"0x09,0xc4","0xd0,0x97,0x78,0x01,0x00,0x00,0x0f,0x61,0x33,0x0c,","0x09,0xc4,",0x29
2025-03-01 15:05:14.024000+00:00,"0x09,0xc4","0xd0,0x97,0x78,0x01,0x00,0x00,0x0f,0x61,0x33,0x0c,","0x09,0xc4,",0x29
2025-03-01 15:05:14.024000+00:00,"0x09,0xc4","0xd0,0x97,0x78,0x01,0x00,0x00,0x0f,0x61,0x33,0x0c,","0x09,0xc4,",0x29
2025-03-01 16:05:37.371000+00:00,"0x09,0xc4","0xd0,0x97,0x78,0x01,0x00,0x00,0x0f,0x61,0x33,0x0c,","0x09,0xc4,",0x29
2025-03-01 16:05:37.371000+00:00,"0x09,0xc4","0xd0,0x97,0x78,0x01,0x00,0x00,0x0f,0x61,0x33,0x0c,","0x09,0xc4,",0x29
2025-03-01 16:05:39.291000+00:00,"0x09,0xc4","0xd0,0x97,0x78,0x01,0x00,0x00,0x0f,0x61,0x33,0x0c,","0x09,0xc4,",0x29
2025-03-01 16:05:39.291000+00:00,"0x09,0xc4","0xd0,0x97,0x78,0x01,0x00,0x00,0x0f,0x61,0x33,0x0c,","0x09,0xc4,",0x29
2025-03-01 16:05:41.290000+00:00,"0x09,0xc4","0xd0,0x97,0x78,0x01,0x00,0x00,0x0f,0x61,0x33,0x0c,","0x09,0xc4,",0x29
2025-03-01 16:05:41.290000+00:00,"0x09,0xc4","0xd0,0x97,0x78,0x01,0x00,0x00,0x0f,0x61,0x33,0x0c,","0x09,0xc4,",0x29
2025-03-01 17:06:04.959000+00:00,"0x09,0xc4","0xd0,0x97,0x78,0x01,0x00,0x00,0x0f,0x61,0x33,0x0c,","0x09,0xc4,",0x29
2025-03-01 17:06:04.959000+00:00,"0x09,0xc4","0xd0,0x97,0x78,0x01,0x00,0x00,0x0f,0x61,0x33,0x0c,","0x09,0xc4,",0x29
2025-03-01 17:06:06.658000+00:00,"0x09,0xc4","0xd0,0x97,0x78,0x01,0x00,0x00,0x0f,0x61,0x33,0x0c,","0x09,0xc4,",0x29
2025-03-01 17:06:06.658000+00:00,"0x09,0xc4","0xd0,0x97,0x78,0x01,0x00,0x00,0x0f,0x61,0x33,0x0c,","0x09,0xc4,",0x29
2025-03-01 17:06:08.642000+00:00,"0x09,0xc4","0xd0,0x97,0x78,0x01,0x00,0x00,0x0f,0x61,0x33,0x0c,","0x09,0xc4,",0x29
2025-03-01 17:06:08.642000+00:00,"0x09,0xc4","0xd0,0x97,0x78,0x01,0x00,0x00,0x0f,0x61,0x33,0x0c,","0x09,0xc4,",0x29
2025-03-01 18:06:32.041000+00:00,"0x09,0xc4","0xd0,0x97,0x78,0x01,0x00,0x00,0x0f,0x61,0x33,0x0c,","0x09,0xc4,",0x29
2025-03-01 18:06:32.041000+00:00,"0x09,0xc4","0xd0,0x97,0x78,0x01,0x00,0x00,0x0f,0x61,0x33,0x0c,","0x09,0xc4,",0x29
2025-03-01 18:06:33.934000+00:00,"0x09,0xc4","0xd0,0x97,0x78,0x01,0x00,0x00,0x0f,0x61,0x33,0x0c,","0x09,0xc4,",0x29
2025-03-01 18:06:33.934000+00:00,"0x09,0xc4","0xd0,0x97,0x78,0x01,0x00,0x00,0x0f,0x61,0x33,0x0c,","0x09,0xc4,",0x29
2025-03-01 18:06:35.918000+00:00,"0x09,0xc4","0xd0,0x97,0x78,0x01,0x00,0x00,0x0f,0x61,0x33,0x0c,","0x09,0xc4,",0x29
2025-03-01 18:06:35.918000+00:00,"0x09,0xc4","0xd0,0x97,0x78,0x01,0x00,0x00,0x0f,0x61,0x33,0x0c,","0x09,0xc4,",0x29
2025-03-01 19:06:59.472000+00:00,"0x09,0xc4","0xd0,0x97,0x78,0x01,0x00,0x00,0x0f,0x61,0x33,0x0c,","0x09,0xc4,",0x29
2025-03-01 19:06:59.472000+00:00,"0x09,0xc4","0xd0,0x97,0x78,0x01,0x00,0x00,0x0f,0x61,0x33,0x0c,","0x09,0xc4,",0x29
2025-03-01 19:07:01.710000+00:00,"0x09,0xc4","0xd0,0x97,0x78,0x01,0x00,0x00,0x0f,0x61,0x33,0x0c,","0x09,0xc4,",0x29
2025-03-01 19:07:01.710000+00:00,"0x09,0xc4","0xd0,0x97,0x78,0x01,0x00,0x00,0x0f,0x61,0x33,0x0c,","0x09,0xc4,",0x29
2025-03-01 19:07:03.152000+00:00,"0x09,0xc4","0xd0,0x97,0x78,0x01,0x00,0x00,0x0f,0x61,0x33,0x0c,","0x09,0xc4,",0x29
2025-03-01 19:07:03.152000+00:00,"0x09,0xc4","0xd0,0x97,0x78,0x01,0x00,0x00,0x0f,0x61,0x33,0x0c,","0x09,0xc4,",0x29
2025-03-01 20:07:26.497000+00:00,"0x09,0xc4","0xd0,0x97,0x78,0x01,0x00,0x00,0x0f,0x61,0x33,0x0c,","0x09,0xc4,",0x29
2025-03-01 20:07:26.497000+00:00,"0x09,0xc4","0xd0,0x97,0x78,0x01,0x00,0x00,0x0f,0x61,0x33,0x0c,","0x09,0xc4,",0x29
2025-03-01 20:07:28.425000+00:00,"0x09,0xc4","0xd0,0x97,0x78,0x01,0x00,0x00,0x0f,0x61,0x33,0x0c,","0x09,0xc4,",0x29
2025-03-01 20:07:28.425000+00:00,"0x09,0xc4","0xd0,0x97,0x78,0x01,0x00,0x00,0x0f,0x61,0x33,0x0c,","0x09,0xc4,",0x29
2025-03-01 20:07:30.416000+00:00,"0x09,0xc4","0xd0,0x97,0x78,0x01,0x00,0x00,0x0f,0x61,0x33,0x0c,","0x09,0xc4,",0x29
2025-03-01 20:07:30.416000+00:00,"0x09,0xc4","0xd0,0x97,0x78,0x01,0x00,0x00,0x0f,0x61,0x33,0x0c,","0x09,0xc4,",0x29
2025-03-01 21:07:53.911000+00:00,"0x09,0xc4","0xd0,0x97,0x78,0x01,0x00,0x00,0x0f,0x61,0x33,0x0c,","0x09,0xc4,",0x29
2025-03-01 21:07:53.911000+00:00,"0x09,0xc4","0xd0,0x97,0x78,0x01,0x00,0x00,0x0f,0x61,0x33,0x0c,","0x09,0xc4,",0x29
2025-03-01 21:07:56.005000+00:00,"0x09,0xc4","0xd0,0x97,0x78,0x01,0x00,0x00,0x0f,0x61,0x33,0x0c,","0x09,0xc4,",0x29
2025-03-01 21:07:56.005000+00:00,"0x09,0xc4","0xd0,0x97,0x78,0x01,0x00,0x00,0x0f,0x61,0x33,0x0c,","0x09,0xc4,",0x29
2025-03-01 21:07:57.785000+00:00,"0x09,0xc4","0xd0,0x97,0x78,0x01,0x00,0x00,0x0f,0x61,0x33,0x0c,","0x09,0xc4,",0x29
2025-03-01 21:07:57.785000+00:00,"0x09,0xc4","0xd0,0x97,0x78,0x01,0x00,0x00,0x0f,0x61,0x33,0x0c,","0x09,0xc4,",0x29
2025-03-01 22:08:21.060000+00:00,"0x09,0xc4","0xd0,0x97,0x78,0x01,0x00,0x00,0x0f,0x61,0x33,0x0c,","0x09,0xc4,",0x29
2025-03-01 22:08:21.060000+00:00,"0x09,0xc4","0xd0,0x97,0x78,0x01,0x00,0x00,0x0f,0x61,0x33,0x0c,","0x09,0xc4,",0x29
2025-03-01 22:08:22.968000+00:00,"0x09,0xc4","0xd0,0x97,0x78,0x01,0x00,0x00,0x0f,0x61,0x33,0x0c,","0x09,0xc4,",0x29
2025-03-01 22:08:22.968000+00:00,"0x09,0xc4","0xd0,0x97,0x78,0x01,0x00,0x00,0x0f,0x61,0x33,0x0c,","0x09,0xc4,",0x29
2025-03-01 22:08:24.976000+00:00,"0x09,0xc4","0xd0,0x97,0x78,0x01,0x00,0x00,0x0f,0x61,0x33,0x0c,","0x09,0xc4,",0x29
2025-03-01 22:08:24.976000+00:00,"0x09,0xc4","0xd0,0x97,0x78,0x01,0x00,0x00,0x0f,0x61,0x33,0x0c,","0x09,0xc4,",0x29
2025-03-01 23:08:48.312000+00:00,"0x09,0xc4","0xd0,0x97,0x78,0x01,0x00,0x00,0x0f,0x61,0x33,0x0c,","0x09,0xc4,",0x29
2025-03-01 23:08:48.312000+00:00,"0x09,0xc4","0xd0,0x97,0x78,0x01,0x00,0x00,0x0f,0x61,0x33,0x0c,","0x09,0xc4,",0x29
2025-03-01 23:08:50.240000+00:00,"0x09,0xc4","0xd0,0x97,0x78,0x01,0x00,0x00,0x0f,0x61,0x33,0x0c,","0x09,0xc4,",0x29
2025-03-01 23:08:50.240000+00:00,"0x09,0xc4","0xd0,0x97,0x78,0x01,0x00,0x00,0x0f,0x61,0x33,0x0c,","0x09,0xc4,",0x29
2025-03-01 23:08:52.240000+00:00,"0x09,0xc4","0xd0,0x97,0x78,0x01,0x00,0x00,0x0f,0x61,0x33,0x0c,","0x09,0xc4,",0x29
2025-03-01 23:08:52.240000+00:00,"0x09,0xc4","0xd0,0x97,0x78,0x01,0x00,0x00,0x0f,0x61,0x33,0x0c,","0x09,0xc4,",0x29
2025-03-02 01:57:49.137000+00:00,"0x30,0x31","0x32,0x33,0x34,0x35,0x36,0x37,0x38,0x39,0x31,0x32,","0x33,0x34,",0x35
2025-03-02 01:57:49.137000+00:00,"0x30,0x31","0x32,0x33,0x34,0x35,0x36,0x37,0x38,0x39,0x31,0x32,","0x33,0x34,",0x35
2025-03-02 01:57:51.145000+00:00,"0x30,0x31","0x32,0x33,0x34,0x35,0x36,0x37,0x38,0x39,0x31,0x32,","0x33,0x34,",0x35
2025-03-02 01:57:51.145000+00:00,"0x30,0x31","0x32,0x33,0x34,0x35,0x36,0x37,0x38,0x39,0x31,0x32,","0x33,0x34,",0x35
2025-03-02 01:57:53.166000+00:00,"0x30,0x31","0x32,0x33,0x34,0x35,0x36,0x37,0x38,0x39,0x31,0x32,","0x33,0x34,",0x35
2025-03-02 01:57:53.166000+00:00,"0x30,0x31","0x32,0x33,0x34,0x35,0x36,0x37,0x38,0x39,0x31,0x32,","0x33,0x34,",0x35
2025-03-02 02:29:37.610000+00:00,"0x30,0x31","0x32,0x33,0x34,0x35,0x36,0x37,0x38,0x39,0x31,0x32,","0x33,0x34,",0x35
2025-03-02 02:29:37.610000+00:00,"0x30,0x31","0x32,0x33,0x34,0x35,0x36,0x37,0x38,0x39,0x31,0x32,","0x33,0x34,",0x35
2025-03-02 02:29:39.637000+00:00,"0x30,0x31","0x32,0x33,0x34,0x35,0x36,0x37,0x38,0x39,0x31,0x32,","0x33,0x34,",0x35
2025-03-02 02:29:39.637000+00:00,"0x30,0x31","0x32,0x33,0x34,0x35,0x36,0x37,0x38,0x39,0x31,0x32,","0x33,0x34,",0x35
2025-03-02 02:29:41.652000+00:00,"0x30,0x31","0x32,0x33,0x34,0x35,0x36,0x37,0x38,0x39,0x31,0x32,","0x33,0x34,",0x35
2025-03-02 02:29:41.652000+00:00,"0x30,0x31","0x32,0x33,0x34,0x35,0x36,0x37,0x38,0x39,0x31,0x32,","0x33,0x34,",0x35
2025-03-02 03:30:05.013000+00:00,"0x30,0x31","0x32,0x33,0x34,0x35,0x36,0x37,0x38,0x39,0x31,0x32,","0x33,0x34,",0x35
2025-03-02 03:30:05.013000+00:00,"0x30,0x31","0x32,0x33,0x34,0x35,0x36,0x37,0x38,0x39,0x31,0x32,","0x33,0x34,",0x35
2025-03-02 03:30:06.914000+00:00,"0x30,0x31","0x32,0x33,0x34,0x35,0x36,0x37,0x38,0x39,0x31,0x32,","0x33,0x34,",0x35
2025-03-02 03:30:06.914000+00:00,"0x30,0x31","0x32,0x33,0x34,0x35,0x36,0x37,0x38,0x39,0x31,0x32,","0x33,0x34,",0x35
2025-03-02 03:30:08.924000+00:00,"0x30,0x31","0x32,0x33,0x34,0x35,0x36,0x37,0x38,0x39,0x31,0x32,","0x33,0x34,",0x35
2025-03-02 03:30:08.924000+00:00,"0x30,0x31","0x32,0x33,0x34,0x35,0x36,0x37,0x38,0x39,0x31,0x32,","0x33,0x34,",0x35
2025-03-02 04:30:32.321000+00:00,"0x30,0x31","0x32,0x33,0x34,0x35,0x36,0x37,0x38,0x39,0x31,0x32,","0x33,0x34,",0x35
2025-03-02 04:30:32.321000+00:00,"0x30,0x31","0x32,0x33,0x34,0x35,0x36,0x37,0x38,0x39,0x31,0x32,","0x33,0x34,",0x35
2025-03-02 04:30:34.205000+00:00,"0x30,0x31","0x32,0x33,0x34,0x35,0x36,0x37,0x38,0x39,0x31,0x32,","0x33,0x34,",0x35
2025-03-02 04:30:34.205000+00:00,"0x30,0x31","0x32,0x33,0x34,0x35,0x36,0x37,0x38,0x39,0x31,0x32,","0x33,0x34,",0x35
2025-03-02 04:30:36.223000+00:00,"0x30,0x31","0x32,0x33,0x34,0x35,0x36,0x37,0x38,0x39,0x31,0x32,","0x33,0x34,",0x35
2025-03-02 04:30:36.223000+00:00,"0x30,0x31","0x32,0x33,0x34,0x35,0x36,0x37,0x38,0x39,0x31,0x32,","0x33,0x34,",0x35
2025-03-02 05:31:08.714000+00:00,"0x30,0x31","0x32,0x33,0x34,0x35,0x36,0x37,0x38,0x39,0x31,0x32,","0x33,0x34,",0x35
2025-03-02 05:31:08.714000+00:00,"0x30,0x31","0x32,0x33,0x34,0x35,0x36,0x37,0x38,0x39,0x31,0x32,","0x33,0x34,",0x35
2025-03-02 05:31:08.968000+00:00,"0x30,0x31","0x32,0x33,0x34,0x35,0x36,0x37,0x38,0x39,0x31,0x32,","0x33,0x34,",0x35
2025-03-02 05:31:08.968000+00:00,"0x30,0x31","0x32,0x33,0x34,0x35,0x36,0x37,0x38,0x39,0x31,0x32,","0x33,0x34,",0x35
2025-03-02 05:31:08.968000+00:00,"0x30,0x31","0x32,0x33,0x34,0x35,0x36,0x37,0x38,0x39,0x31,0x32,","0x33,0x34,",0x35
2025-03-02 05:31:08.968000+00:00,"0x30,0x31","0x32,0x33,0x34,0x35,0x36,0x37,0x38,0x39,0x31,0x32,","0x33,0x34,",0x35
2025-03-02 05:51:32.877000+00:00,"0x30,0x31","0x32,0x33,0x34,0x35,0x36,0x37,0x38,0x39,0x31,0x32,","0x33,0x34,",0x35
2025-03-02 05:51:32.877000+00:00,"0x30,0x31","0x32,0x33,0x34,0x35,0x36,0x37,0x38,0x39,0x31,0x32,","0x33,0x34,",0x35
2025-03-02 05:51:34.884000+00:00,"0x30,0x31","0x32,0x33,0x34,0x35,0x36,0x37,0x38,0x39,0x31,0x32,","0x33,0x34,",0x35
2025-03-02 05:51:34.884000+00:00,"0x30,0x31","0x32,0x33,0x34,0x35,0x36,0x37,0x38,0x39,0x31,0x32,","0x33,0x34,",0x35
2025-03-02 05:51:36.884000+00:00,"0x30,0x31","0x32,0x33,0x34,0x35,0x36,0x37,0x38,0x39,0x31,0x32,","0x33,0x34,",0x35
2025-03-02 05:51:36.884000+00:00,"0x30,0x31","0x32,0x33,0x34,0x35,0x36,0x37,0x38,0x39,0x31,0x32,","0x33,0x34,",0x35
2025-03-02 06:52:00.238000+00:00,"0x30,0x31","0x32,0x33,0x34,0x35,0x36,0x37,0x38,0x39,0x31,0x32,","0x33,0x34,",0x35
2025-03-02 06:52:00.238000+00:00,"0x30,0x31","0x32,0x33,0x34,0x35,0x36,0x37,0x38,0x39,0x31,0x32,","0x33,0x34,",0x35
2025-03-02 06:52:02.155000+00:00,"0x30,0x31","0x32,0x33,0x34,0x35,0x36,0x37,0x38,0x39,0x31,0x32,","0x33,0x34,",0x35
2025-03-02 06:52:02.155000+00:00,"0x30,0x31","0x32,0x33,0x34,0x35,0x36,0x37,0x38,0x39,0x31,0x32,","0x33,0x34,",0x35
2025-03-02 06:52:04.206000+00:00,"0x30,0x31","0x32,0x33,0x34,0x35,0x36,0x37,0x38,0x39,0x31,0x32,","0x33,0x34,",0x35
2025-03-02 06:52:04.206000+00:00,"0x30,0x31","0x32,0x33,0x34,0x35,0x36,0x37,0x38,0x39,0x31,0x32,","0x33,0x34,",0x35
2025-03-02 07:52:27.544000+00:00,"0x30,0x31","0x32,0x33,0x34,0x35,0x36,0x37,0x38,0x39,0x31,0x32,","0x33,0x34,",0x35
2025-03-02 07:52:27.544000+00:00,"0x30,0x31","0x32,0x33,0x34,0x35,0x36,0x37,0x38,0x39,0x31,0x32,","0x33,0x34,",0x35
2025-03-02 07:52:29.436000+00:00,"0x30,0x31","0x32,0x33,0x34,0x35,0x36,0x37,0x38,0x39,0x31,0x32,","0x33,0x34,",0x35
2025-03-02 07:52:29.436000+00:00,"0x30,0x31","0x32,0x33,0x34,0x35,0x36,0x37,0x38,0x39,0x31,0x32,","0x33,0x34,",0x35
2025-03-02 07:52:31.453000+00:00,"0x30,0x31","0x32,0x33,0x34,0x35,0x36,0x37,0x38,0x39,0x31,0x32,","0x33,0x34,",0x35
2025-03-02 07:52:31.453000+00:00,"0x30,0x31","0x32,0x33,0x34,0x35,0x36,0x37,0x38,0x39,0x31,0x32,","0x33,0x34,",0x35
2025-03-02 08:42:00.731000+00:00,"0x30,0x31","0x32,0x33,0x34,0x35,0x36,0x37,0x38,0x39,0x31,0x32,","0x33,0x34,",0x35
2025-03-02 08:42:00.731000+00:00,"0x30,0x31","0x32,0x33,0x34,0x35,0x36,0x37,0x38,0x39,0x31,0x32,","0x33,0x34,",0x35
2025-03-02 08:42:02.737000+00:00,"0x30,0x31","0x32,0x33,0x34,0x35,0x36,0x37,0x38,0x39,0x31,0x32,","0x33,0x34,",0x35
2025-03-02 08:42:02.737000+00:00,"0x30,0x31","0x32,0x33,0x34,0x35,0x36,0x37,0x38,0x39,0x31,0x32,","0x33,0x34,",0x35
2025-03-02 08:42:04.743000+00:00,"0x30,0x31","0x32,0x33,0x34,0x35,0x36,0x37,0x38,0x39,0x31,0x32,","0x33,0x34,",0x35
2025-03-02 08:42:04.743000+00:00,"0x30,0x31","0x32,0x33,0x34,0x35,0x36,0x37,0x38,0x39,0x31,0x32,","0x33,0x34,",0x35
2025-03-02 11:39:49.188000+00:00,"0x30,0x31","0x32,0x33,0x34,0x35,0x36,0x37,0x38,0x39,0x31,0x32,","0x33,0x34,",0x35
2025-03-02 11:39:49.188000+00:00,"0x30,0x31","0x32,0x33,0x34,0x35,0x36,0x37,0x38,0x39,0x31,0x32,","0x33,0x34,",0x35
2025-03-02 11:39:51.193000+00:00,"0x30,0x31","0x32,0x33,0x34,0x35,0x36,0x37,0x38,0x39,0x31,0x32,","0x33,0x34,",0x35
2025-03-02 11:39:51.193000+00:00,"0x30,0x31","0x32,0x33,0x34,0x35,0x36,0x37,0x38,0x39,0x31,0x32,","0x33,0x34,",0x35
2025-03-02 11:39:53.191000+00:00,"0x30,0x31","0x32,0x33,0x34,0x35,0x36,0x37,0x38,0x39,0x31,0x32,","0x33,0x34,",0x35
2025-03-02 11:39:53.191000+00:00,"0x30,0x31","0x32,0x33,0x34,0x35,0x36,0x37,0x38,0x39,0x31,0x32,","0x33,0x34,",0x35
2025-03-02 12:40:16.575000+00:00,"0x30,0x31","0x32,0x33,0x34,0x35,0x36,0x37,0x38,0x39,0x31,0x32,","0x33,0x34,",0x35
2025-03-02 12:40:16.575000+00:00,"0x30,0x31","0x32,0x33,0x34,0x35,0x36,0x37,0x38,0x39,0x31,0x32,","0x33,0x34,",0x35
2025-03-02 12:40:18.477000+00:00,"0x30,0x31","0x32,0x33,0x34,0x35,0x36,0x37,0x38,0x39,0x31,0x32,","0x33,0x34,",0x35
2025-03-02 12:40:18.477000+00:00,"0x30,0x31","0x32,0x33,0x34,0x35,0x36,0x37,0x38,0x39,0x31,0x32,","0x33,0x34,",0x35
2025-03-02 12:40:20.479000+00:00,"0x30,0x31","0x32,0x33,0x34,0x35,0x36,0x37,0x38,0x39,0x31,0x32,","0x33,0x34,",0x35
2025-03-02 12:40:20.479000+00:00,"0x30,0x31","0x32,0x33,0x34,0x35,0x36,0x37,0x38,0x39,0x31,0x32,","0x33,0x34,",0x35
2025-03-02 13:40:43.808000+00:00,"0x30,0x31","0x32,0x33,0x34,0x35,0x36,0x37,0x38,0x39,0x31,0x32,","0x33,0x34,",0x35
2025-03-02 13:40:43.808000+00:00,"0x30,0x31","0x32,0x33,0x34,0x35,0x36,0x37,0x38,0x39,0x31,0x32,","0x33,0x34,",0x35
2025-03-02 13:40:45.726000+00:00,"0x30,0x31","0x32,0x33,0x34,0x35,0x36,0x37,0x38,0x39,0x31,0x32,","0x33,0x34,",0x35
2025-03-02 13:40:45.726000+00:00,"0x30,0x31","0x32,0x33,0x34,0x35,0x36,0x37,0x38,0x39,0x31,0x32,","0x33,0x34,",0x35
2025-03-02 13:40:47.736000+00:00,"0x30,0x31","0x32,0x33,0x34,0x35,0x36,0x37,0x38,0x39,0x31,0x32,","0x33,0x34,",0x35
2025-03-02 13:40:47.736000+00:00,"0x30,0x31","0x32,0x33,0x34,0x35,0x36,0x37,0x38,0x39,0x31,0x32,","0x33,0x34,",0x35
2025-03-02 14:41:11.113000+00:00,"0x30,0x31","0x32,0x33,0x34,0x35,0x36,0x37,0x38,0x39,0x31,0x32,","0x33,0x34,",0x35
2025-03-02 14:41:11.113000+00:00,"0x30,0x31","0x32,0x33,0x34,0x35,0x36,0x37,0x38,0x39,0x31,0x32,","0x33,0x34,",0x35
2025-03-02 14:41:13.036000+00:00,"0x30,0x31","0x32,0x33,0x34,0x35,0x36,0x37,0x38,0x39,0x31,0x32,","0x33,0x34,",0x35
2025-03-02 14:41:13.036000+00:00,"0x30,0x31","0x32,0x33,0x34,0x35,0x36,0x37,0x38,0x39,0x31,0x32,","0x33,0x34,",0x35
2025-03-02 14:41:15.026000+00:00,"0x30,0x31","0x32,0x33,0x34,0x35,0x36,0x37,0x38,0x39,0x31,0x32,","0x33,0x34,",0x35
2025-03-02 14:41:15.026000+00:00,"0x30,0x31","0x32,0x33,0x34,0x35,0x36,0x37,0x38,0x39,0x31,0x32,","0x33,0x34,",0x35
2025-03-02 15:41:38.416000+00:00,"0x30,0x31","0x32,0x33,0x34,0x35,0x36,0x37,0x38,0x39,0x31,0x32,","0x33,0x34,",0x35
2025-03-02 15:41:38.416000+00:00,"0x30,0x31","0x32,0x33,0x34,0x35,0x36,0x37,0x38,0x39,0x31,0x32,","0x33,0x34,",0x35
2025-03-02 15:41:40.324000+00:00,"0x30,0x31","0x32,0x33,0x34,0x35,0x36,0x37,0x38,0x39,0x31,0x32,","0x33,0x34,",0x35
2025-03-02 15:41:40.324000+00:00,"0x30,0x31","0x32,0x33,0x34,0x35,0x36,0x37,0x38,0x39,0x31,0x32,","0x33,0x34,",0x35
2025-03-02 15:41:42.325000+00:00,"0x30,0x31","0x32,0x33,0x34,0x35,0x36,0x37,0x38,0x39,0x31,0x32,","0x33,0x34,",0x35
2025-03-02 15:41:42.325000+00:00,"0x30,0x31","0x32,0x33,0x34,0x35,0x36,0x37,0x38,0x39,0x31,0x32,","0x33,0x34,",0x35
2025-03-02 16:42:05.692000+00:00,"0x30,0x31","0x32,0x33,0x34,0x35,0x36,0x37,0x38,0x39,0x31,0x32,","0x33,0x34,",0x35
2025-03-02 16:42:05.692000+00:00,"0x30,0x31","0x32,0x33,0x34,0x35,0x36,0x37,0x38,0x39,0x31,0x32,","0x33,0x34,",0x35
2025-03-02 16:42:07.610000+00:00,"0x30,0x31","0x32,0x33,0x34,0x35,0x36,0x37,0x38,0x39,0x31,0x32,","0x33,0x34,",0x35
2025-03-02 16:42:07.610000+00:00,"0x30,0x31","0x32,0x33,0x34,0x35,0x36,0x37,0x38,0x39,0x31,0x32,","0x33,0x34,",0x35
2025-03-02 16:42:09.603000+00:00,"0x30,0x31","0x32,0x33,0x34,0x35,0x36,0x37,0x38,0x39,0x31,0x32,","0x33,0x34,",0x35
2025-03-02 16:42:09.603000+00:00,"0x30,0x31","0x32,0x33,0x34,0x35,0x36,0x37,0x38,0x39,0x31,0x32,","0x33,0x34,",0x35
2025-03-02 17:42:32.986000+00:00,"0x30,0x31","0x32,0x33,0x34,0x35,0x36,0x37,0x38,0x39,0x31,0x32,","0x33,0x34,",0x35
2025-03-02 17:42:32.986000+00:00,"0x30,0x31","0x32,0x33,0x34,0x35,0x36,0x37,0x38,0x39,0x31,0x32,","0x33,0x34,",0x35
2025-03-02 17:42:34.889000+00:00,"0x30,0x31","0x32,0x33,0x34,0x35,0x36,0x37,0x38,0x39,0x31,0x32,","0x33,0x34,",0x35
2025-03-02 17:42:34.889000+00:00,"0x30,0x31","0x32,0x33,0x34,0x35,0x36,0x37,0x38,0x39,0x31,0x32,","0x33,0x34,",0x35
2025-03-02 17:42:36.906000+00:00,"0x30,0x31","0x32,0x33,0x34,0x35,0x36,0x37,0x38,0x39,0x31,0x32,","0x33,0x34,",0x35
2025-03-02 17:42:36.906000+00:00,"0x30,0x31","0x32,0x33,0x34,0x35,0x36,0x37,0x38,0x39,0x31,0x32,","0x33,0x34,",0x35
2025-03-02 18:43:00.278000+00:00,"0x30,0x31","0x32,0x33,0x34,0x35,0x36,0x37,0x38,0x39,0x31,0x32,","0x33,0x34,",0x35
2025-03-02 18:43:00.278000+00:00,"0x30,0x31","0x32,0x33,0x34,0x35,0x36,0x37,0x38,0x39,0x31,0x32,","0x33,0x34,",0x35
2025-03-02 18:43:02.170000+00:00,"0x30,0x31","0x32,0x33,0x34,0x35,0x36,0x37,0x38,0x39,0x31,0x32,","0x33,0x34,",0x35
2025-03-02 18:43:02.170000+00:00,"0x30,0x31","0x32,0x33,0x34,0x35,0x36,0x37,0x38,0x39,0x31,0x32,","0x33,0x34,",0x35
2025-03-02 18:43:04.177000+00:00,"0x30,0x31","0x32,0x33,0x34,0x35,0x36,0x37,0x38,0x39,0x31,0x32,","0x33,0x34,",0x35
2025-03-02 18:43:04.177000+00:00,"0x30,0x31","0x32,0x33,0x34,0x35,0x36,0x37,0x38,0x39,0x31,0x32,","0x33,0x34,",0x35
2025-03-02 19:43:27.556000+00:00,"0x30,0x31","0x32,0x33,0x34,0x35,0x36,0x37,0x38,0x39,0x31,0x32,","0x33,0x34,",0x35
2025-03-02 19:43:27.556000+00:00,"0x30,0x31","0x32,0x33,0x34,0x35,0x36,0x37,0x38,0x39,0x31,0x32,","0x33,0x34,",0x35
2025-03-02 19:43:29.465000+00:00,"0x30,0x31","0x32,0x33,0x34,0x35,0x36,0x37,0x38,0x39,0x31,0x32,","0x33,0x34,",0x35
2025-03-02 19:43:29.465000+00:00,"0x30,0x31","0x32,0x33,0x34,0x35,0x36,0x37,0x38,0x39,0x31,0x32,","0x33,0x34,",0x35
2025-03-02 19:43:31.475000+00:00,"0x30,0x31","0x32,0x33,0x34,0x35,0x36,0x37,0x38,0x39,0x31,0x32,","0x33,0x34,",0x35
2025-03-02 19:43:31.475000+00:00,"0x30,0x31","0x32,0x33,0x34,0x35,0x36,0x37,0x38,0x39,0x31,0x32,","0x33,0x34,",0x35
2025-03-02 20:43:54.853000+00:00,"0x30,0x31","0x32,0x33,0x34,0x35,0x36,0x37,0x38,0x39,0x31,0x32,","0x33,0x34,",0x35
2025-03-02 20:43:54.853000+00:00,"0x30,0x31","0x32,0x33,0x34,0x35,0x36,0x37,0x38,0x39,0x31,0x32,","0x33,0x34,",0x35
2025-03-02 20:43:56.758000+00:00,"0x30,0x31","0x32,0x33,0x34,0x35,0x36,0x37,0x38,0x39,0x31,0x32,","0x33,0x34,",0x35
2025-03-02 20:43:56.758000+00:00,"0x30,0x31","0x32,0x33,0x34,0x35,0x36,0x37,0x38,0x39,0x31,0x32,","0x33,0x34,",0x35
2025-03-02 20:43:58.761000+00:00,"0x30,0x31","0x32,0x33,0x34,0x35,0x36,0x37,0x38,0x39,0x31,0x32,","0x33,0x34,",0x35
2025-03-02 20:43:58.761000+00:00,"0x30,0x31","0x32,0x33,0x34,0x35,0x36,0x37,0x38,0x39,0x31,0x32,","0x33,0x34,",0x35
2025-03-02 21:44:22.182000+00:00,"0x30,0x31","0x32,0x33,0x34,0x35,0x36,0x37,0x38,0x39,0x31,0x32,","0x33,0x34,",0x35
2025-03-02 21:44:22.182000+00:00,"0x30,0x31","0x32,0x33,0x34,0x35,0x36,0x37,0x38,0x39,0x31,0x32,","0x33,0x34,",0x35
2025-03-02 21:44:24.071000+00:00,"0x30,0x31","0x32,0x33,0x34,0x35,0x36,0x37,0x38,0x39,0x31,0x32,","0x33,0x34,",0x35
2025-03-02 21:44:24.071000+00:00,"0x30,0x31","0x32,0x33,0x34,0x35,0x36,0x37,0x38,0x39,0x31,0x32,","0x33,0x34,",0x35
2025-03-02 21:44:26.078000+00:00,"0x30,0x31","0x32,0x33,0x34,0x35,0x36,0x37,0x38,0x39,0x31,0x32,","0x33,0x34,",0x35
2025-03-02 21:44:26.078000+00:00,"0x30,0x31","0x32,0x33,0x34,0x35,0x36,0x37,0x38,0x39,0x31,0x32,","0x33,0x34,",0x35
2025-03-02 22:44:49.453000+00:00,"0x30,0x31","0x32,0x33,0x34,0x35,0x36,0x37,0x38,0x39,0x31,0x32,","0x33,0x34,",0x35
2025-03-02 22:44:49.453000+00:00,"0x30,0x31","0x32,0x33,0x34,0x35,0x36,0x37,0x38,0x39,0x31,0x32,","0x33,0x34,",0x35
2025-03-02 22:44:51.365000+00:00,"0x30,0x31","0x32,0x33,0x34,0x35,0x36,0x37,0x38,0x39,0x31,0x32,","0x33,0x34,",0x35
2025-03-02 22:44:51.365000+00:00,"0x30,0x31","0x32,0x33,0x34,0x35,0x36,0x37,0x38,0x39,0x31,0x32,","0x33,0x34,",0x35
2025-03-02 22:44:53.397000+00:00,"0x30,0x31","0x32,0x33,0x34,0x35,0x36,0x37,0x38,0x39,0x31,0x32,","0x33,0x34,",0x35
2025-03-02 22:44:53.397000+00:00,"0x30,0x31","0x32,0x33,0x34,0x35,0x36,0x37,0x38,0x39,0x31,0x32,","0x33,0x34,",0x35
2025-03-02 23:45:16.732000+00:00,"0x30,0x31","0x32,0x33,0x34,0x35,0x36,0x37,0x38,0x39,0x31,0x32,","0x33,0x34,",0x35
2025-03-02 23:45:16.732000+00:00,"0x30,0x31","0x32,0x33,0x34,0x35,0x36,0x37,0x38,0x39,0x31,0x32,","0x33,0x34,",0x35
2025-03-02 23:45:18.624000+00:00,"0x30,0x31","0x32,0x33,0x34,0x35,0x36,0x37,0x38,0x39,0x31,0x32,","0x33,0x34,",0x35
2025-03-02 23:45:18.624000+00:00,"0x30,0x31","0x32,0x33,0x34,0x35,0x36,0x37,0x38,0x39,0x31,0x32,","0x33,0x34,",0x35
2025-03-02 23:45:20.641000+00:00,"0x30,0x31","0x32,0x33,0x34,0x35,0x36,0x37,0x38,0x39,0x31,0x32,","0x33,0x34,",0x35
2025-03-02 23:45:20.641000+00:00,"0x30,0x31","0x32,0x33,0x34,0x35,0x36,0x37,0x38,0x39,0x31,0x32,","0x33,0x34,",0x35
2025-03-03 00:45:44.015000+00:00,"0x30,0x31","0x32,0x33,0x34,0x35,0x36,0x37,0x38,0x39,0x31,0x32,","0x33,0x34,",0x35
2025-03-03 00:45:44.015000+00:00,"0x30,0x31","0x32,0x33,0x34,0x35,0x36,0x37,0x38,0x39,0x31,0x32,","0x33,0x34,",0x35
2025-03-03 00:45:45.923000+00:00,"0x30,0x31","0x32,0x33,0x34,0x35,0x36,0x37,0x38,0x39,0x31,0x32,","0x33,0x34,",0x35
2025-03-03 00:45:45.923000+00:00,"0x30,0x31","0x32,0x33,0x34,0x35,0x36,0x37,0x38,0x39,0x31,0x32,","0x33,0x34,",0x35
2025-03-03 00:45:47.926000+00:00,"0x30,0x31","0x32,0x33,0x34,0x35,0x36,0x37,0x38,0x39,0x31,0x32,","0x33,0x34,",0x35
2025-03-03 00:45:47.926000+00:00,"0x30,0x31","0x32,0x33,0x34,0x35,0x36,0x37,0x38,0x39,0x31,0x32,","0x33,0x34,",0x35
2025-03-03 01:46:11.398000+00:00,"0x30,0x31","0x32,0x33,0x34,0x35,0x36,0x37,0x38,0x39,0x31,0x32,","0x33,0x34,",0x35
2025-03-03 01:46:11.398000+00:00,"0x30,0x31","0x32,0x33,0x34,0x35,0x36,0x37,0x38,0x39,0x31,0x32,","0x33,0x34,",0x35
2025-03-03 01:46:13.212000+00:00,"0x30,0x31","0x32,0x33,0x34,0x35,0x36,0x37,0x38,0x39,0x31,0x32,","0x33,0x34,",0x35
2025-03-03 01:46:13.212000+00:00,"0x30,0x31","0x32,0x33,0x34,0x35,0x36,0x37,0x38,0x39,0x31,0x32,","0x33,0x34,",0x35
2025-03-03 01:46:15.213000+00:00,"0x30,0x31","0x32,0x33,0x34,0x35,0x36,0x37,0x38,0x39,0x31,0x32,","0x33,0x34,",0x35
2025-03-03 01:46:15.213000+00:00,"0x30,0x31","0x32,0x33,0x34,0x35,0x36,0x37,0x38,0x39,0x31,0x32,","0x33,0x34,",0x35
2025-03-03 02:46:38.591000+00:00,"0x30,0x31","0x32,0x33,0x34,0x35,0x36,0x37,0x38,0x39,0x31,0x32,","0x33,0x34,",0x35
2025-03-03 02:46:38.591000+00:00,"0x30,0x31","0x32,0x33,0x34,0x35,0x36,0x37,0x38,0x39,0x31,0x32,","0x33,0x34,",0x35
2025-03-03 02:46:40.497000+00:00,"0x30,0x31","0x32,0x33,0x34,0x35,0x36,0x37,0x38,0x39,0x31,0x32,","0x33,0x34,",0x35
2025-03-03 02:46:40.497000+00:00,"0x30,0x31","0x32,0x33,0x34,0x35,0x36,0x37,0x38,0x39,0x31,0x32,","0x33,0x34,",0x35
2025-03-03 02:46:42.489000+00:00,"0x30,0x31","0x32,0x33,0x34,0x35,0x36,0x37,0x38,0x39,0x31,0x32,","0x33,0x34,",0x35
2025-03-03 02:46:42.489000+00:00,"0x30,0x31","0x32,0x33,0x34,0x35,0x36,0x37,0x38,0x39,0x31,0x32,","0x33,0x34,",0x35
2025-03-03 06:29:34.312000+00:00,"0x30,0x31","0x32,0x33,0x34,0x35,0x36,0x37,0x38,0x39,0x31,0x32,","0x33,0x34,",0x35
2025-03-03 06:29:34.312000+00:00,"0x30,0x31","0x32,0x33,0x34,0x35,0x36,0x37,0x38,0x39,0x31,0x32,","0x33,0x34,",0x35
2025-03-03 06:29:36.319000+00:00,"0x30,0x31","0x32,0x33,0x34,0x35,0x36,0x37,0x38,0x39,0x31,0x32,","0x33,0x34,",0x35
2025-03-03 06:29:36.319000+00:00,"0x30,0x31","0x32,0x33,0x34,0x35,0x36,0x37,0x38,0x39,0x31,0x32,","0x33,0x34,",0x35
2025-03-03 06:29:38.321000+00:00,"0x30,0x31","0x32,0x33,0x34,0x35,0x36,0x37,0x38,0x39,0x31,0x32,","0x33,0x34,",0x35
2025-03-03 06:29:38.321000+00:00,"0x30,0x31","0x32,0x33,0x34,0x35,0x36,0x37,0x38,0x39,0x31,0x32,","0x33,0x34,",0x35
